transaction_id,customer_id,product_id,quantity,unit_price,total_amount,transaction_date,store_location
T0001,C0106,P063,8,83.79936700357437,670.394936028595,2025-07-12,East
T0002,C0047,P090,3,466.9975692658145,1400.9927077974435,2025-10-13,East
T0003,C0181,P097,7,197.69881514629174,1383.8917060240422,2025-06-19,West
T0004,C0064,P075,7,367.46549676845484,2572.258477379184,2025-06-22,North
T0005,C0166,P074,7,19.967130122267047,139.76991085586934,2025-06-03,South
T0006,C0064,P025,7,110.54170002335543,773.791900163488,2025-05-23,North
T0007,C0087,P048,2,248.67044671855322,497.34089343710644,2025-08-23,East
T0008,C0007,P043,10,440.3437091888498,4403.437091888498,2025-09-11,East
T0009,C0022,P038,3,268.3550234758318,805.0650704274954,2025-05-19,East
T0010,C0081,P041,10,465.6365363240007,4656.365363240007,2025-10-14,North
T0011,C0169,P045,9,247.0604793255702,2223.544313930132,2025-08-27,West
T0012,C0074,P088,3,250.32005740061547,750.9601722018464,2025-08-26,West
T0013,C0138,P040,2,68.67592636526062,137.35185273052124,2025-06-07,East
T0014,C0185,P097,9,403.3015596345877,3629.7140367112893,2025-07-04,South
T0015,C0135,P017,10,131.01305210886062,1310.1305210886062,2025-09-16,North
T0016,C0125,P088,9,450.81011979243436,4057.291078131909,2025-07-19,East
T0017,C0050,P057,4,456.30386796189407,1825.2154718475763,2025-10-18,North
T0018,C0052,P002,9,472.22195481833336,4249.997593365,2025-09-01,North
T0019,C0161,P096,3,264.9129396605141,794.7388189815423,2025-10-24,West
T0020,C0001,P062,7,341.77595454398573,2392.4316818079,2025-06-14,East
T0021,C0181,P088,7,391.4727812302151,2740.3094686115055,2025-07-22,West
T0022,C0188,P009,8,74.19716313872814,593.5773051098251,2025-07-27,East
T0023,C0162,P068,10,304.46902554877363,3044.690255487736,2025-05-17,North
T0024,C0004,P081,4,26.80597163862272,107.22388655449087,2025-06-24,West
T0025,C0145,P017,3,253.8073808604757,761.4221425814271,2025-08-11,North
T0026,C0132,P050,3,85.87291399391142,257.6187419817343,2025-10-11,East
T0027,C0171,P094,5,99.6322337214215,498.16116860710747,2025-08-07,South
T0028,C0004,P040,1,188.87330767937473,188.87330767937473,2025-10-04,West
T0029,C0001,P058,10,221.89421169108647,2218.9421169108646,2025-05-03,West
T0030,C0071,P075,3,315.3544880207717,946.0634640623152,2025-08-03,North
T0031,C0178,P085,6,46.469925034872674,278.819550209236,2025-09-19,North
T0032,C0189,P021,3,256.8089630063479,770.4268890190436,2025-10-17,South
T0033,C0035,P018,5,99.48631382401955,497.4315691200977,2025-06-29,West
T0034,C0008,P055,9,291.24783576555353,2621.230521889982,2025-07-09,East
T0035,C0152,P029,2,322.3282600079799,644.6565200159598,2025-08-28,East
T0036,C0036,P024,2,282.7875357108984,565.5750714217968,2025-08-01,West
T0037,C0178,P074,6,371.7648001343708,2230.5888008062248,2025-06-15,West
T0038,C0123,P017,6,174.44852967804164,1046.6911780682499,2025-09-26,West
T0039,C0043,P018,8,384.90222990023415,3079.217839201873,2025-05-25,South
T0040,C0027,P042,2,222.0558700370149,444.1117400740298,2025-07-31,East
T0041,C0032,P084,9,247.25040417807244,2225.253637602652,2025-08-03,East
T0042,C0078,P045,2,327.570042357925,655.14008471585,2025-06-28,North
T0043,C0121,P082,1,18.99560815961974,18.99560815961974,2025-10-03,North
T0044,C0146,P017,10,330.4571684959217,3304.571684959217,2025-10-02,West
T0045,C0156,P073,2,313.10672304533654,626.2134460906731,2025-09-06,North
T0046,C0157,P014,7,161.82508720910715,1132.7756104637501,2025-05-08,South
T0047,C0016,P049,8,52.039199600749846,416.31359680599877,2025-10-18,East
T0048,C0099,P029,5,54.55837045739016,272.7918522869508,2025-06-17,East
T0049,C0047,P095,6,462.379636022762,2774.277816136572,2025-06-23,North
T0050,C0187,P004,1,347.74686740066016,347.74686740066016,2025-06-08,West
T0051,C0031,P082,6,72.28028074766279,433.6816844859767,2025-06-23,North
T0052,C0004,P020,8,184.79435296136413,1478.354823690913,2025-09-21,West
T0053,C0165,P047,3,300.3166670117823,900.9500010353468,2025-10-02,South
T0054,C0017,P009,1,419.43013549441787,419.43013549441787,2025-06-18,East
T0055,C0039,P077,4,31.39385506937418,125.57542027749672,2025-08-04,South
T0056,C0048,P079,1,125.95023442030434,125.95023442030434,2025-09-25,East
T0057,C0174,P027,8,445.97700524473623,3567.81604195789,2025-09-15,South
T0058,C0176,P015,5,14.491119590070078,72.45559795035038,2025-07-04,North
T0059,C0039,P092,1,108.68556036900482,108.68556036900482,2025-08-02,South
T0060,C0132,P019,8,479.9218462267533,3839.3747698140264,2025-09-03,South
T0061,C0030,P090,9,310.5669047958638,2795.102143162774,2025-10-27,North
T0062,C0158,P052,10,138.21896965237815,1382.1896965237815,2025-06-09,East
T0063,C0022,P026,2,42.82563625396533,85.65127250793066,2025-05-05,East
T0064,C0066,P089,9,23.813756819138856,214.3238113722497,2025-09-04,North
T0065,C0108,P026,8,129.92508902209437,1039.400712176755,2025-05-04,South
T0066,C0012,P026,7,441.9280515985661,3093.496361189963,2025-07-04,South
T0067,C0036,P046,3,213.79769060577965,641.393071817339,2025-05-30,South
T0068,C0018,P092,2,362.9633508913366,725.9267017826731,2025-08-25,West
T0069,C0090,P049,7,459.9596673361793,3219.717671353255,2025-05-12,East
T0070,C0181,P082,5,209.93982618538013,1049.6991309269006,2025-08-06,South
T0071,C0199,P096,6,103.72591180832455,622.3554708499473,2025-08-11,East
T0072,C0001,P053,4,263.38778611989056,1053.5511444795623,2025-10-03,South
T0073,C0127,P003,2,454.9610066593287,909.9220133186574,2025-05-22,North
T0074,C0186,P066,9,404.1434629274733,3637.2911663472596,2025-06-09,North
T0075,C0090,P097,3,42.256623247945356,126.76986974383607,2025-08-11,East
T0076,C0087,P042,7,349.3606720380151,2445.524704266106,2025-06-16,East
T0077,C0090,P019,8,290.22978600488733,2321.8382880390986,2025-07-06,North
T0078,C0134,P017,2,454.6569564097485,909.313912819497,2025-07-31,West
T0079,C0070,P033,6,70.01589425664564,420.0953655398738,2025-10-12,North
T0080,C0044,P076,8,271.6776954702817,2173.4215637622538,2025-08-20,South
T0081,C0200,P049,7,440.93671982082725,3086.5570387457906,2025-07-22,West
T0082,C0152,P056,3,210.91165550345406,632.7349665103621,2025-09-01,North
T0083,C0086,P063,1,246.17750968910485,246.17750968910485,2025-08-08,West
T0084,C0019,P003,6,44.52573205680957,267.1543923408574,2025-06-05,West
T0085,C0101,P049,8,146.2903838199663,1170.3230705597305,2025-10-07,West
T0086,C0146,P055,6,169.0082580927842,1014.0495485567051,2025-10-04,East
T0087,C0095,P026,5,473.1099998849946,2365.549999424973,2025-08-12,North
T0088,C0101,P099,8,148.50700666516792,1188.0560533213434,2025-09-07,East
T0089,C0030,P072,2,235.82568028212947,471.65136056425894,2025-05-26,East
T0090,C0170,P052,1,338.93916754649706,338.93916754649706,2025-06-13,South
T0091,C0033,P100,1,89.46985247985992,89.46985247985992,2025-07-24,South
T0092,C0012,P007,4,248.3567696995185,993.427078798074,2025-06-21,West
T0093,C0118,P046,6,371.88412934319473,2231.3047760591685,2025-09-08,West
T0094,C0094,P046,9,434.75905438326237,3912.8314894493615,2025-09-04,South
T0095,C0155,P100,1,316.8670445845891,316.8670445845891,2025-07-09,South
T0096,C0167,P016,1,337.8362225053045,337.8362225053045,2025-05-10,North
T0097,C0137,P024,5,71.87890156643878,359.39450783219394,2025-05-03,West
T0098,C0149,P061,10,473.43048365071013,4734.304836507101,2025-10-10,West
T0099,C0076,P054,5,74.96129796739635,374.80648983698177,2025-10-07,South
T0100,C0029,P062,5,389.5897392190812,1947.948696095406,2025-05-11,North
T0101,C0161,P001,10,139.75999767137623,1397.5999767137623,2025-08-23,South
T0102,C0190,P049,6,467.46064041361325,2804.7638424816796,2025-07-16,South
T0103,C0117,P025,8,362.780174291045,2902.24139432836,2025-10-12,East
T0104,C0015,P010,3,379.3687193594008,1138.1061580782025,2025-07-25,West
T0105,C0002,P080,9,117.33899479934283,1056.0509531940854,2025-06-19,North
T0106,C0180,P016,1,227.0895885512288,227.0895885512288,2025-07-10,East
T0107,C0117,P058,4,312.7284653487503,1250.9138613950013,2025-10-25,West
T0108,C0172,P072,9,387.2870729212345,3485.5836562911104,2025-09-09,South
T0109,C0182,P029,8,60.94009419707089,487.52075357656713,2025-09-11,North
T0110,C0018,P092,10,481.5590050627189,4815.590050627189,2025-07-30,West
T0111,C0003,P006,9,446.20812857173246,4015.873157145592,2025-05-27,South
T0112,C0135,P016,1,142.47080934283633,142.47080934283633,2025-07-12,East
T0113,C0171,P020,9,413.15251908584264,3718.372671772584,2025-05-06,North
T0114,C0166,P080,3,263.9787222895135,791.9361668685405,2025-05-16,West
T0115,C0165,P071,10,236.28517596538913,2362.8517596538913,2025-09-01,East
T0116,C0186,P078,9,164.07271184758864,1476.6544066282977,2025-09-22,South
T0117,C0161,P043,1,294.6746074494803,294.6746074494803,2025-05-02,South
T0118,C0108,P026,1,367.64566767476293,367.64566767476293,2025-09-22,West
T0119,C0187,P090,9,211.35712343175155,1902.2141108857638,2025-10-13,South
T0120,C0095,P078,6,318.3174045740631,1909.9044274443786,2025-05-04,North
T0121,C0122,P071,4,352.6633313660988,1410.6533254643953,2025-10-28,West
T0122,C0011,P033,7,358.4496903374901,2509.1478323624306,2025-06-17,East
T0123,C0068,P026,5,35.46338808427832,177.31694042139162,2025-08-04,West
T0124,C0123,P045,10,431.2764247856828,4312.764247856829,2025-05-14,West
T0125,C0196,P084,7,234.5441242348735,1641.8088696441146,2025-08-29,East
T0126,C0113,P063,8,138.58388003114507,1108.6710402491606,2025-06-25,South
T0127,C0098,P067,8,128.46460866504398,1027.7168693203519,2025-09-27,East
T0128,C0093,P052,1,246.67691529353573,246.67691529353573,2025-07-06,North
T0129,C0022,P068,8,444.54745433979,3556.37963471832,2025-10-03,South
T0130,C0194,P026,6,195.390315024497,1172.341890146982,2025-10-14,West
T0131,C0172,P075,4,377.3656159239362,1509.4624636957449,2025-07-30,South
T0132,C0127,P002,8,57.441178183737115,459.5294254698969,2025-07-02,South
T0133,C0134,P014,3,243.26778405402027,729.8033521620608,2025-08-11,North
T0134,C0170,P030,4,495.92620879244043,1983.7048351697617,2025-10-22,South
T0135,C0025,P049,6,387.51452336824514,2325.087140209471,2025-09-17,South
T0136,C0185,P012,7,113.15895933590038,792.1127153513027,2025-05-09,South
T0137,C0085,P090,4,255.70632211197625,1022.825288447905,2025-08-06,West
T0138,C0055,P044,4,124.47613418779761,497.90453675119045,2025-08-26,South
T0139,C0144,P033,7,210.68485435862954,1474.7939805104068,2025-07-04,East
T0140,C0095,P013,6,392.2411716301327,2353.4470297807966,2025-05-22,South
T0141,C0142,P078,8,387.9001594922978,3103.2012759383824,2025-08-24,North
T0142,C0167,P088,1,121.76918517216872,121.76918517216872,2025-07-25,South
T0143,C0156,P098,10,461.88942589588146,4618.894258958815,2025-05-21,South
T0144,C0179,P026,7,300.35840955476516,2102.508866883356,2025-05-09,West
T0145,C0119,P021,7,196.16290257138712,1373.1403179997099,2025-06-28,East
T0146,C0177,P028,7,255.94843458262173,1791.639042078352,2025-06-16,South
T0147,C0009,P048,7,306.4849141844944,2145.394399291461,2025-06-01,East
T0148,C0186,P100,10,284.34636060443484,2843.463606044348,2025-08-02,North
T0149,C0173,P040,10,248.3384674127273,2483.3846741272732,2025-05-10,West
T0150,C0150,P066,8,257.4170740038061,2059.3365920304486,2025-05-16,East
T0151,C0160,P073,9,96.44183610966422,867.976524986978,2025-08-03,West
T0152,C0197,P087,9,408.2391231092929,3674.152107983636,2025-10-02,South
T0153,C0197,P079,2,275.4625567710975,550.925113542195,2025-09-16,North
T0154,C0042,P077,7,74.22913223530452,519.6039256471316,2025-05-30,West
T0155,C0053,P023,7,385.4169797755612,2697.918858428928,2025-07-20,South
T0156,C0187,P081,4,466.8975494049019,1867.5901976196076,2025-06-06,East
T0157,C0074,P048,9,474.1803806261114,4267.623425635003,2025-07-24,North
T0158,C0039,P002,8,190.81868888147466,1526.5495110517973,2025-08-18,North
T0159,C0122,P084,1,76.40326804476948,76.40326804476948,2025-08-27,East
T0160,C0015,P020,2,264.0158170502019,528.0316341004038,2025-06-07,East
T0161,C0199,P059,2,65.17852238111814,130.35704476223628,2025-07-26,North
T0162,C0157,P046,8,467.65383507118247,3741.2306805694598,2025-07-11,West
T0163,C0123,P003,1,99.95401740402154,99.95401740402154,2025-09-29,North
T0164,C0111,P055,4,133.8552713760704,535.4210855042816,2025-10-17,East
T0165,C0131,P012,10,209.2518981736355,2092.5189817363553,2025-08-02,West
T0166,C0083,P040,5,197.75058959397163,988.7529479698582,2025-07-20,South
T0167,C0010,P066,9,399.3848172749656,3594.4633554746906,2025-08-11,North
T0168,C0092,P100,7,233.59524206997156,1635.1666944898009,2025-10-04,East
T0169,C0029,P078,8,93.67644740163507,749.4115792130806,2025-10-24,South
T0170,C0035,P016,9,140.9328487881763,1268.3956390935866,2025-10-14,North
T0171,C0006,P083,7,259.4655587418858,1816.2589111932004,2025-10-07,North
T0172,C0140,P034,5,82.2524195388061,411.26209769403044,2025-05-15,West
T0173,C0111,P044,5,309.7112810665469,1548.5564053327346,2025-08-26,East
T0174,C0038,P006,10,287.2161802100615,2872.161802100615,2025-07-13,South
T0175,C0077,P077,6,360.2041350273063,2161.224810163838,2025-07-31,North
T0176,C0093,P064,5,469.4752615358902,2347.3763076794507,2025-07-30,West
T0177,C0147,P100,9,457.0047349395663,4113.042614456096,2025-05-30,South
T0178,C0067,P022,3,473.57705285372737,1420.7311585611822,2025-10-27,South
T0179,C0136,P018,3,129.91064254161347,389.7319276248404,2025-06-19,North
T0180,C0008,P012,7,74.46700025328376,521.2690017729863,2025-10-19,South
T0181,C0122,P052,7,158.11558324325978,1106.8090827028184,2025-07-12,North
T0182,C0084,P094,6,448.5917346554942,2691.550407932965,2025-09-11,West
T0183,C0175,P051,3,486.30620256550924,1458.9186076965277,2025-06-12,West
T0184,C0132,P071,7,431.06922602453324,3017.4845821717327,2025-09-13,South
T0185,C0179,P096,5,63.90868335249636,319.5434167624818,2025-06-12,North
T0186,C0085,P048,7,474.2397190492986,3319.6780333450906,2025-10-12,East
T0187,C0195,P019,2,217.44543340188514,434.8908668037703,2025-08-14,West
T0188,C0045,P006,6,14.562042473553303,87.37225484131982,2025-05-28,North
T0189,C0136,P084,8,226.77293296661486,1814.1834637329189,2025-06-28,North
T0190,C0087,P027,1,32.57389314097912,32.57389314097912,2025-06-16,North
T0191,C0016,P053,4,276.5001813689476,1106.0007254757904,2025-07-06,South
T0192,C0077,P048,1,175.89147344415514,175.89147344415514,2025-05-26,East
T0193,C0195,P007,1,241.98311746108388,241.98311746108388,2025-07-13,South
T0194,C0009,P059,10,310.45347676412734,3104.5347676412734,2025-08-26,West
T0195,C0060,P069,8,435.71253695073193,3485.7002956058554,2025-10-03,South
T0196,C0078,P011,7,334.331772471245,2340.322407298715,2025-09-07,North
T0197,C0077,P015,10,222.68394555430854,2226.8394555430855,2025-07-27,South
T0198,C0071,P064,1,411.5196482984789,411.5196482984789,2025-07-14,North
T0199,C0015,P003,2,453.7352474108348,907.4704948216696,2025-10-18,East
T0200,C0071,P069,4,68.68238355177664,274.72953420710655,2025-10-28,South
T0201,C0102,P023,1,270.6471590008678,270.6471590008678,2025-10-01,South
T0202,C0169,P053,3,149.41086027379762,448.23258082139284,2025-09-03,South
T0203,C0022,P037,8,33.059986959704226,264.4798956776338,2025-07-07,North
T0204,C0152,P009,8,337.58788060585283,2700.7030448468226,2025-05-07,North
T0205,C0113,P015,8,432.75768095502053,3462.0614476401643,2025-09-03,South
T0206,C0172,P003,6,89.82230069392308,538.9338041635385,2025-06-28,South
T0207,C0001,P093,6,408.08269223571125,2448.4961534142676,2025-07-10,East
T0208,C0010,P070,5,428.1639094331014,2140.819547165507,2025-06-23,East
T0209,C0110,P017,9,458.0268169065769,4122.2413521591925,2025-07-06,West
T0210,C0200,P026,4,139.9896936521657,559.9587746086628,2025-06-28,East
T0211,C0184,P021,10,452.93700194304574,4529.370019430457,2025-07-22,East
T0212,C0113,P072,7,167.1247498208518,1169.8732487459627,2025-07-27,East
T0213,C0050,P021,1,280.64562659319637,280.64562659319637,2025-05-03,North
T0214,C0012,P011,9,34.748660707818246,312.7379463703642,2025-09-28,East
T0215,C0089,P038,7,31.501733300684364,220.51213310479056,2025-06-07,East
T0216,C0188,P072,10,362.9828742387794,3629.828742387794,2025-09-26,South
T0217,C0154,P088,9,227.7951892091176,2050.1567028820587,2025-08-12,North
T0218,C0112,P035,7,135.58326393091662,949.0828475164163,2025-05-25,West
T0219,C0078,P014,2,103.302613052206,206.605226104412,2025-08-21,West
T0220,C0169,P014,6,338.27721052101685,2029.6632631261011,2025-07-05,East
T0221,C0164,P010,10,10.196756572416538,101.96756572416538,2025-09-07,West
T0222,C0121,P012,4,404.88667290645856,1619.5466916258342,2025-08-26,West
T0223,C0023,P038,3,48.83230700366512,146.49692101099538,2025-08-25,West
T0224,C0171,P034,2,103.82991130497852,207.65982260995705,2025-08-14,East
T0225,C0134,P041,6,199.2558336965539,1195.5350021793233,2025-05-04,West
T0226,C0197,P010,8,247.58078246089076,1980.646259687126,2025-06-16,East
T0227,C0171,P017,6,183.9476067488315,1103.685640492989,2025-06-25,South
T0228,C0025,P017,9,167.148960842304,1504.340647580736,2025-07-15,South
T0229,C0018,P067,5,482.3188459158623,2411.5942295793116,2025-06-15,West
T0230,C0190,P062,2,324.3740438092632,648.7480876185264,2025-10-02,South
T0231,C0141,P095,8,21.48214813002022,171.85718504016177,2025-07-17,East
T0232,C0043,P001,9,220.78619513771346,1987.0757562394213,2025-05-25,South
T0233,C0078,P012,10,438.7542628745454,4387.542628745454,2025-06-05,West
T0234,C0028,P004,4,157.7135313412273,630.8541253649092,2025-05-25,East
T0235,C0146,P042,6,56.33260893945023,337.9956536367014,2025-05-29,North
T0236,C0059,P013,10,381.6085380790597,3816.085380790597,2025-05-17,East
T0237,C0188,P098,8,306.9467776486798,2455.5742211894385,2025-06-29,South
T0238,C0063,P085,9,289.4531288349869,2605.078159514882,2025-09-22,North
T0239,C0185,P086,5,36.252514207629886,181.26257103814942,2025-05-16,East
T0240,C0092,P004,6,78.84451479980349,473.0670887988209,2025-05-12,North
T0241,C0179,P082,4,315.04920414442574,1260.196816577703,2025-07-19,North
T0242,C0056,P069,5,111.83368231482955,559.1684115741477,2025-08-24,North
T0243,C0155,P019,7,256.9943390767279,1798.9603735370952,2025-07-08,East
T0244,C0160,P002,9,276.9920261544028,2492.9282353896256,2025-06-13,South
T0245,C0111,P012,10,148.9185232327603,1489.185232327603,2025-07-09,East
T0246,C0137,P081,6,474.7283262153315,2848.369957291989,2025-09-19,South
T0247,C0068,P074,6,422.80741234943184,2536.844474096591,2025-09-16,East
T0248,C0046,P098,8,363.9630187400713,2911.70414992057,2025-07-15,East
T0249,C0067,P006,4,48.21699454061045,192.8679781624418,2025-08-12,East
T0250,C0154,P008,3,62.003709461419525,186.01112838425857,2025-06-11,South
T0251,C0136,P051,7,251.4628594738283,1760.2400163167981,2025-10-26,East
T0252,C0006,P011,5,88.74954110358298,443.74770551791494,2025-06-29,North
T0253,C0024,P063,2,489.3500771294423,978.7001542588846,2025-06-09,East
T0254,C0176,P057,2,87.67491467343064,175.34982934686127,2025-05-04,North
T0255,C0094,P012,6,248.85923937734725,1493.1554362640836,2025-05-08,West
T0256,C0173,P073,8,188.41931785233766,1507.3545428187012,2025-06-19,West
T0257,C0013,P002,1,323.299346512508,323.299346512508,2025-05-27,South
T0258,C0197,P008,6,73.2278403558182,439.3670421349092,2025-10-09,South
T0259,C0025,P011,2,220.85504974077153,441.71009948154307,2025-08-10,West
T0260,C0148,P053,2,144.60546607550037,289.21093215100075,2025-10-24,East
T0261,C0118,P100,7,444.9982470891271,3114.9877296238897,2025-07-19,East
T0262,C0082,P010,10,29.886998946000592,298.8699894600059,2025-05-03,East
T0263,C0111,P085,1,457.72647206316503,457.72647206316503,2025-09-05,West
T0264,C0082,P084,6,418.1671278909702,2509.002767345821,2025-10-08,North
T0265,C0066,P008,7,155.80965105599958,1090.667557391997,2025-09-10,South
T0266,C0045,P036,8,396.7524207917813,3174.01936633425,2025-05-21,North
T0267,C0114,P093,7,25.294644565986303,177.06251196190414,2025-08-26,West
T0268,C0175,P076,6,483.76411964376285,2902.5847178625772,2025-10-12,North
T0269,C0063,P014,9,268.0315218689968,2412.283696820971,2025-06-02,East
T0270,C0076,P054,3,158.6077027720682,475.8231083162046,2025-05-29,East
T0271,C0114,P085,6,187.66577417139177,1125.9946450283505,2025-07-17,North
T0272,C0111,P086,4,42.53862319564371,170.15449278257483,2025-05-02,West
T0273,C0183,P021,2,494.78126188059923,989.5625237611985,2025-06-26,North
T0274,C0147,P050,1,29.2530531238393,29.2530531238393,2025-06-05,East
T0275,C0035,P094,1,330.9044903424509,330.9044903424509,2025-08-21,East
T0276,C0053,P039,10,226.94060457616456,2269.4060457616456,2025-05-31,West
T0277,C0026,P020,3,474.9689469124704,1424.9068407374111,2025-06-24,North
T0278,C0014,P088,4,130.53987275032964,522.1594910013185,2025-06-06,East
T0279,C0118,P087,2,270.72254372962556,541.4450874592511,2025-07-20,East
T0280,C0045,P007,1,246.35454220554897,246.35454220554897,2025-06-28,North
T0281,C0172,P009,4,354.40455758454965,1417.6182303381986,2025-07-23,North
T0282,C0193,P001,7,43.325013656686046,303.2750955968023,2025-07-05,South
T0283,C0051,P026,10,104.95667371144387,1049.5667371144386,2025-07-09,West
T0284,C0171,P038,6,115.13676184549641,690.8205710729785,2025-09-06,West
T0285,C0119,P038,6,371.69386987242797,2230.163219234568,2025-06-21,North
T0286,C0151,P061,9,102.67796120010263,924.1016508009236,2025-05-23,West
T0287,C0184,P044,2,291.01096430657856,582.0219286131571,2025-08-16,East
T0288,C0019,P086,4,115.46947204546731,461.87788818186925,2025-08-18,North
T0289,C0082,P044,5,432.19622554114943,2160.981127705747,2025-08-25,North
T0290,C0076,P074,1,471.6708726999229,471.6708726999229,2025-08-10,North
T0291,C0183,P062,8,264.0615577216978,2112.4924617735824,2025-08-09,South
T0292,C0092,P006,8,182.63135326249736,1461.0508260999788,2025-10-12,West
T0293,C0188,P017,6,124.68830975857458,748.1298585514475,2025-07-08,South
T0294,C0187,P051,5,34.39269074629144,171.9634537314572,2025-06-06,East
T0295,C0033,P038,8,141.56503733677275,1132.520298694182,2025-10-28,West
T0296,C0147,P024,3,330.5755321732058,991.7265965196173,2025-10-26,South
T0297,C0028,P051,3,271.4722963415133,814.4168890245398,2025-10-17,North
T0298,C0123,P010,2,472.58022635765445,945.1604527153089,2025-09-24,South
T0299,C0180,P072,5,204.1758586209333,1020.8792931046664,2025-05-23,North
T0300,C0126,P021,3,349.99303774091334,1049.9791132227401,2025-07-06,South
T0301,C0177,P070,3,249.76814626280947,749.3044387884283,2025-05-22,South
T0302,C0037,P085,6,261.1623458028637,1566.974074817182,2025-08-09,South
T0303,C0154,P057,8,141.20941415601757,1129.6753132481406,2025-09-06,North
T0304,C0099,P039,2,232.92588065257985,465.8517613051597,2025-06-14,South
T0305,C0098,P088,4,240.68464853622655,962.7385941449062,2025-08-12,West
T0306,C0127,P033,7,356.2548356569776,2493.783849598843,2025-06-17,West
T0307,C0168,P059,1,470.9135996011958,470.9135996011958,2025-06-09,West
T0308,C0080,P018,1,171.3674259664271,171.3674259664271,2025-05-30,North
T0309,C0038,P056,10,30.67822960483624,306.7822960483624,2025-06-24,North
T0310,C0077,P092,7,253.18461149531345,1772.2922804671941,2025-07-30,West
T0311,C0126,P057,7,276.78605275309263,1937.5023692716484,2025-07-25,West
T0312,C0087,P096,1,92.53587005463848,92.53587005463848,2025-05-18,West
T0313,C0054,P076,1,382.6276570752727,382.6276570752727,2025-07-20,East
T0314,C0150,P048,4,492.6152631363309,1970.4610525453236,2025-10-07,West
T0315,C0016,P042,5,473.4296113341459,2367.1480566707296,2025-07-13,South
T0316,C0028,P027,5,106.58195902358958,532.9097951179479,2025-06-19,East
T0317,C0163,P074,4,438.9279875513727,1755.711950205491,2025-08-10,East
T0318,C0188,P052,8,355.20188184172554,2841.6150547338043,2025-05-03,North
T0319,C0173,P042,7,232.38481626538666,1626.6937138577066,2025-10-24,South
T0320,C0046,P032,9,274.8993872191172,2474.094484972055,2025-09-20,North
T0321,C0072,P026,7,426.3040857414045,2984.1286001898316,2025-06-29,North
T0322,C0183,P025,10,245.26612042280286,2452.6612042280285,2025-08-06,South
T0323,C0085,P075,1,192.87161086151215,192.87161086151215,2025-08-08,North
T0324,C0026,P023,7,251.69127158273304,1761.8389010791313,2025-08-12,South
T0325,C0085,P098,1,293.77360397717405,293.77360397717405,2025-10-27,South
T0326,C0153,P057,7,102.64805035139094,718.5363524597366,2025-05-03,North
T0327,C0065,P052,10,451.4447878308254,4514.447878308254,2025-06-11,West
T0328,C0134,P087,8,340.3516049265108,2722.8128394120863,2025-09-01,North
T0329,C0151,P093,9,320.30176949536957,2882.715925458326,2025-07-22,East
T0330,C0115,P031,3,58.75315082851269,176.25945248553808,2025-09-22,North
T0331,C0064,P064,4,306.04522970457,1224.18091881828,2025-09-10,South
T0332,C0087,P071,4,69.27072449686125,277.082897987445,2025-09-18,East
T0333,C0171,P033,9,48.561860845745535,437.0567476117098,2025-05-30,South
T0334,C0107,P085,7,268.38233886477275,1878.6763720534093,2025-09-13,West
T0335,C0151,P002,3,207.36491168278255,622.0947350483476,2025-05-15,West
T0336,C0096,P018,10,298.51703237654937,2985.170323765494,2025-05-13,East
T0337,C0158,P047,5,53.71886234804691,268.59431174023456,2025-08-08,West
T0338,C0077,P033,7,221.18170079515662,1548.2719055660964,2025-09-11,West
T0339,C0146,P098,8,95.64549037212741,765.1639229770193,2025-07-21,North
T0340,C0087,P084,1,493.6790421028171,493.6790421028171,2025-08-15,North
T0341,C0149,P035,2,284.96360409323546,569.9272081864709,2025-06-02,West
T0342,C0057,P051,7,346.84406186102495,2427.908433027175,2025-07-14,West
T0343,C0103,P018,2,169.4549575344778,338.9099150689556,2025-10-19,North
T0344,C0151,P088,7,56.422068241878634,394.95447769315047,2025-07-21,West
T0345,C0091,P072,9,488.17672276393296,4393.590504875397,2025-07-09,West
T0346,C0045,P030,2,150.26692733775977,300.53385467551954,2025-06-15,South
T0347,C0172,P044,7,217.66601073505137,1523.6620751453597,2025-08-15,West
T0348,C0088,P053,4,328.43332163426174,1313.733286537047,2025-09-15,East
T0349,C0115,P010,2,22.10167586619453,44.20335173238906,2025-10-25,South
T0350,C0047,P087,7,407.0269739534706,2849.188817674294,2025-10-09,East
T0351,C0168,P052,5,272.9233131140239,1364.6165655701197,2025-08-09,West
T0352,C0179,P049,1,146.32642166372284,146.32642166372284,2025-09-24,North
T0353,C0170,P011,5,40.187912793309934,200.93956396654966,2025-05-10,South
T0354,C0135,P066,3,89.6242235824763,268.8726707474289,2025-07-02,North
T0355,C0050,P058,7,448.5665908381841,3139.9661358672884,2025-05-30,South
T0356,C0176,P090,6,346.1518697285866,2076.9112183715197,2025-09-03,North
T0357,C0084,P036,8,132.45184360207602,1059.6147488166082,2025-08-23,South
T0358,C0091,P033,5,42.144374823064474,210.72187411532238,2025-10-01,South
T0359,C0134,P047,2,348.4015030694518,696.8030061389036,2025-09-21,East
T0360,C0091,P013,9,290.47978572420493,2614.318071517844,2025-09-12,North
T0361,C0137,P040,8,208.21456698453517,1665.7165358762813,2025-08-29,East
T0362,C0109,P089,6,188.16961010313128,1129.0176606187877,2025-10-18,East
T0363,C0057,P068,10,116.23899520526307,1162.3899520526306,2025-10-05,North
T0364,C0031,P042,7,338.10951570338364,2366.7666099236853,2025-07-19,South
T0365,C0021,P019,9,485.62733361899654,4370.646002570969,2025-08-02,East
T0366,C0090,P082,7,96.10047046004466,672.7032932203126,2025-05-05,North
T0367,C0040,P094,3,302.58714380759665,907.7614314227899,2025-07-22,South
T0368,C0112,P019,6,217.85067731552834,1307.10406389317,2025-10-25,East
T0369,C0045,P058,7,228.8774736548858,1602.1423155842006,2025-10-20,East
T0370,C0077,P023,2,134.53216726262906,269.0643345252581,2025-07-15,East
T0371,C0177,P054,3,414.3160890740954,1242.9482672222862,2025-05-15,South
T0372,C0087,P080,4,247.77524603214815,991.1009841285926,2025-09-09,East
T0373,C0148,P065,10,276.2688675771494,2762.688675771494,2025-08-23,South
T0374,C0101,P012,6,159.33284727068963,955.9970836241378,2025-07-02,West
T0375,C0117,P024,1,99.08614817680538,99.08614817680538,2025-08-15,East
T0376,C0092,P034,9,52.09609021938204,468.8648119744384,2025-07-04,West
T0377,C0145,P053,5,359.9183790532088,1799.591895266044,2025-08-11,North
T0378,C0028,P008,7,106.15479802704925,743.0835861893447,2025-10-21,East
T0379,C0169,P018,9,348.1369235525109,3133.232311972598,2025-08-15,North
T0380,C0194,P057,9,201.2844585630074,1811.5601270670666,2025-05-21,North
T0381,C0025,P005,1,213.72965248492923,213.72965248492923,2025-06-28,North
T0382,C0058,P026,1,239.89697308545814,239.89697308545814,2025-08-21,West
T0383,C0041,P030,3,190.17716898249617,570.5315069474885,2025-06-27,South
T0384,C0134,P054,6,59.30378883906914,355.82273303441485,2025-08-28,West
T0385,C0075,P013,2,161.71958690139442,323.43917380278884,2025-08-06,West
T0386,C0038,P083,10,335.22983674002984,3352.2983674002985,2025-08-01,North
T0387,C0134,P029,1,336.23435671974676,336.23435671974676,2025-06-22,East
T0388,C0173,P003,1,150.24991054759724,150.24991054759724,2025-06-07,South
T0389,C0075,P090,5,235.45028701326711,1177.2514350663355,2025-05-09,North
T0390,C0142,P058,4,104.78914172584936,419.15656690339745,2025-06-14,South
T0391,C0066,P076,1,113.08231994961953,113.08231994961953,2025-08-07,West
T0392,C0168,P002,4,21.293073319237628,85.17229327695051,2025-09-11,South
T0393,C0003,P075,3,449.40580945479485,1348.2174283643844,2025-08-27,South
T0394,C0117,P028,2,113.24626588670404,226.49253177340807,2025-07-09,East
T0395,C0099,P082,9,121.49159969886702,1093.4243972898032,2025-10-07,North
T0396,C0152,P077,1,147.0047019961146,147.0047019961146,2025-06-15,South
T0397,C0019,P086,7,72.4299551307602,507.0096859153214,2025-09-15,South
T0398,C0146,P076,4,323.23881275886777,1292.955251035471,2025-06-02,West
T0399,C0192,P002,5,46.82004705701742,234.10023528508708,2025-06-03,West
T0400,C0116,P007,10,75.75918889991163,757.5918889991163,2025-09-04,South
T0401,C0125,P026,5,325.9307960291455,1629.6539801457275,2025-07-07,North
T0402,C0088,P090,1,176.43370403590694,176.43370403590694,2025-05-31,South
T0403,C0035,P088,6,356.89443508358266,2141.366610501496,2025-08-23,South
T0404,C0190,P076,9,283.1381248883696,2548.243123995326,2025-05-30,East
T0405,C0001,P016,2,135.4503748001414,270.9007496002828,2025-09-09,North
T0406,C0153,P023,7,328.90569573977075,2302.3398701783954,2025-05-31,East
T0407,C0173,P040,6,66.97410334351152,401.8446200610691,2025-09-15,North
T0408,C0177,P060,5,272.8410877092149,1364.2054385460744,2025-10-02,North
T0409,C0126,P073,4,224.20257147206698,896.8102858882679,2025-09-08,North
T0410,C0089,P032,4,141.25805558054597,565.0322223221839,2025-07-02,East
T0411,C0144,P015,6,305.96244889235504,1835.7746933541302,2025-05-04,East
T0412,C0147,P013,4,436.9534602467384,1747.8138409869537,2025-10-22,East
T0413,C0151,P005,5,499.4633028839076,2497.316514419538,2025-07-08,West
T0414,C0025,P075,6,307.803756684278,1846.8225401056682,2025-05-26,East
T0415,C0016,P074,5,208.3058784212934,1041.529392106467,2025-10-27,West
T0416,C0182,P052,7,120.3514791059388,842.4603537415716,2025-09-19,West
T0417,C0073,P077,9,135.97708380360476,1223.7937542324428,2025-06-14,West
T0418,C0129,P041,10,244.93293929338518,2449.3293929338515,2025-10-11,South
T0419,C0042,P053,7,189.96607362754753,1329.7625153928327,2025-06-25,South
T0420,C0147,P050,7,457.76911608622265,3204.3838126035585,2025-09-15,South
T0421,C0162,P015,4,190.46477915129768,761.8591166051907,2025-09-08,West
T0422,C0080,P007,1,192.9878496612634,192.9878496612634,2025-06-11,West
T0423,C0104,P040,8,197.9319110926487,1583.4552887411896,2025-10-20,North
T0424,C0183,P028,4,419.9439030801525,1679.77561232061,2025-07-04,West
T0425,C0146,P032,1,328.88627721498193,328.88627721498193,2025-06-01,South
T0426,C0034,P099,5,310.9427366562574,1554.713683281287,2025-06-17,West
T0427,C0089,P015,8,173.73008096809247,1389.8406477447397,2025-09-08,West
T0428,C0125,P100,4,410.77304664789534,1643.0921865915814,2025-08-05,North
T0429,C0045,P085,8,28.798292064293555,230.38633651434844,2025-07-17,West
T0430,C0134,P070,8,436.69061444567546,3493.5249155654037,2025-08-19,East
T0431,C0021,P065,3,261.2474508990255,783.7423526970765,2025-07-09,North
T0432,C0122,P004,9,205.1426150830723,1846.2835357476506,2025-06-28,West
T0433,C0070,P011,3,253.61196755166597,760.8359026549979,2025-08-15,West
T0434,C0096,P026,1,337.0336099615772,337.0336099615772,2025-06-14,North
T0435,C0105,P061,2,16.25505899376971,32.51011798753942,2025-07-14,West
T0436,C0048,P037,6,437.0604096645414,2622.3624579872485,2025-06-26,South
T0437,C0039,P023,10,228.90236740258248,2289.0236740258247,2025-10-19,East
T0438,C0031,P093,2,178.05359465303832,356.10718930607663,2025-09-05,East
T0439,C0010,P085,6,77.74032716068798,466.4419629641279,2025-10-10,South
T0440,C0030,P091,1,225.33803343563665,225.33803343563665,2025-05-31,West
T0441,C0018,P040,1,253.19815792934563,253.19815792934563,2025-07-11,West
T0442,C0188,P077,5,207.7868803018041,1038.9344015090205,2025-08-27,East
T0443,C0088,P023,10,342.54344597517957,3425.4344597517957,2025-06-25,West
T0444,C0125,P016,9,216.23929909202073,1946.1536918281865,2025-07-07,East
T0445,C0073,P094,8,481.0946131448209,3848.7569051585674,2025-09-19,East
T0446,C0015,P061,3,303.64598373356,910.93795120068,2025-05-04,South
T0447,C0004,P068,3,405.6641884694354,1216.992565408306,2025-05-27,East
T0448,C0191,P080,1,63.58439252364464,63.58439252364464,2025-06-27,West
T0449,C0168,P031,3,204.6727335434938,614.0182006304814,2025-09-04,West
T0450,C0009,P053,1,175.05537370910483,175.05537370910483,2025-09-30,North
T0451,C0109,P025,8,289.04637018693,2312.37096149544,2025-06-23,West
T0452,C0137,P044,1,431.94562483009855,431.94562483009855,2025-06-13,North
T0453,C0154,P012,5,48.38572670338327,241.92863351691636,2025-06-19,East
T0454,C0132,P090,9,45.561651041908284,410.0548593771746,2025-06-12,West
T0455,C0016,P097,7,426.65567699722345,2986.589738980564,2025-05-12,South
T0456,C0143,P092,4,114.29654215879513,457.18616863518054,2025-08-12,South
T0457,C0099,P009,9,337.68909468040874,3039.2018521236787,2025-08-07,South
T0458,C0121,P012,9,276.01028485679456,2484.092563711151,2025-09-24,East
T0459,C0052,P069,2,418.11786149474244,836.2357229894849,2025-07-25,East
T0460,C0069,P054,10,71.29356581983772,712.9356581983773,2025-08-09,North
T0461,C0005,P054,10,73.59365320407953,735.9365320407953,2025-08-13,South
T0462,C0020,P028,6,282.8409965363707,1697.0459792182241,2025-10-28,North
T0463,C0079,P056,4,473.72554014560177,1894.902160582407,2025-06-16,North
T0464,C0146,P099,8,213.34890160166958,1706.7912128133567,2025-06-14,West
T0465,C0111,P069,7,170.20162912480052,1191.4114038736036,2025-05-23,West
T0466,C0002,P098,7,307.27776836696404,2150.944378568748,2025-08-23,South
T0467,C0093,P098,10,465.91981426706525,4659.1981426706525,2025-09-03,East
T0468,C0013,P077,9,420.0946380938656,3780.851742844791,2025-09-02,West
T0469,C0004,P058,5,497.7869692592777,2488.9348462963885,2025-05-31,East
T0470,C0170,P078,6,21.058605769164775,126.35163461498865,2025-05-09,North
T0471,C0109,P075,1,65.3004909092535,65.3004909092535,2025-08-07,North
T0472,C0074,P042,6,308.6392040496448,1851.8352242978685,2025-06-27,North
T0473,C0189,P038,2,412.08245527358633,824.1649105471727,2025-08-20,North
T0474,C0095,P068,6,149.7697277303156,898.6183663818936,2025-07-13,South
T0475,C0105,P053,9,127.2134331367672,1144.9208982309046,2025-08-24,North
T0476,C0008,P033,8,395.6181416967884,3164.9451335743074,2025-05-21,West
T0477,C0067,P071,9,37.62710838808347,338.6439754927512,2025-05-26,North
T0478,C0191,P056,10,190.9974973154667,1909.974973154667,2025-05-20,East
T0479,C0110,P072,8,257.8465190702416,2062.7721525619327,2025-05-06,West
T0480,C0009,P051,3,284.57085043165847,853.7125512949754,2025-07-15,East
T0481,C0117,P074,8,367.0214268284607,2936.1714146276854,2025-09-06,East
T0482,C0011,P043,6,183.87440448102254,1103.2464268861352,2025-07-12,South
T0483,C0099,P015,6,310.21532889055754,1861.2919733433453,2025-10-03,South
T0484,C0042,P038,6,296.8339571675686,1781.0037430054117,2025-06-10,East
T0485,C0141,P015,3,278.3318893203361,834.9956679610082,2025-05-27,East
T0486,C0164,P005,10,323.83681363968395,3238.3681363968394,2025-05-28,North
T0487,C0120,P093,1,137.13009382335738,137.13009382335738,2025-07-23,West
T0488,C0141,P083,4,51.4778892564682,205.9115570258728,2025-09-06,North
T0489,C0012,P054,10,68.44311929947428,684.4311929947428,2025-10-26,South
T0490,C0037,P051,6,120.04536750041153,720.2722050024691,2025-10-18,South
T0491,C0074,P010,10,255.09698840616477,2550.9698840616475,2025-10-05,North
T0492,C0073,P012,2,421.8169477675499,843.6338955350998,2025-10-15,West
T0493,C0052,P004,7,353.6337376233082,2475.4361633631574,2025-10-17,East
T0494,C0199,P095,7,396.6298960590031,2776.409272413022,2025-06-03,North
T0495,C0130,P018,4,181.9780557237848,727.9122228951392,2025-08-06,South
T0496,C0056,P080,4,208.28033340778958,833.1213336311583,2025-08-20,West
T0497,C0060,P036,1,202.90412413540028,202.90412413540028,2025-05-17,South
T0498,C0023,P025,2,104.01786035820574,208.03572071641148,2025-05-24,West
T0499,C0103,P087,9,39.996162490350294,359.96546241315264,2025-09-13,West
T0500,C0040,P076,10,299.54888548534115,2995.4888548534113,2025-05-27,West
T0501,C0064,P098,8,494.71617487608717,3957.7293990086973,2025-08-05,North
T0502,C0085,P036,8,91.74655542562878,733.9724434050303,2025-05-13,North
T0503,C0151,P067,9,32.87556175064414,295.88005575579723,2025-07-12,North
T0504,C0157,P009,7,391.97052409372714,2743.7936686560897,2025-09-11,West
T0505,C0179,P061,9,133.76714327551485,1203.9042894796337,2025-08-15,West
T0506,C0197,P053,10,416.5254646229349,4165.254646229349,2025-08-26,South
T0507,C0089,P018,2,354.92896684691254,709.8579336938251,2025-10-25,East
T0508,C0031,P043,6,473.38003315489425,2840.2801989293657,2025-05-27,North
T0509,C0178,P035,3,210.37434552076928,631.1230365623078,2025-09-11,West
T0510,C0020,P063,6,334.36522133081075,2006.1913279848645,2025-05-23,South
T0511,C0183,P098,3,237.77884259850265,713.3365277955079,2025-05-14,South
T0512,C0130,P078,8,318.9884616811863,2551.9076934494906,2025-10-04,South
T0513,C0153,P004,4,230.3034639437913,921.2138557751651,2025-10-09,North
T0514,C0013,P093,10,102.42980074779666,1024.2980074779666,2025-08-16,North
T0515,C0122,P041,6,258.8697338416566,1553.2184030499398,2025-05-24,East
T0516,C0103,P045,9,269.00625870434675,2421.0563283391207,2025-08-06,South
T0517,C0106,P050,2,407.1958856474789,814.3917712949578,2025-05-19,North
T0518,C0119,P079,2,370.40514583885476,740.8102916777095,2025-08-26,South
T0519,C0070,P028,7,335.2578957313076,2346.805270119153,2025-05-31,West
T0520,C0195,P042,2,65.55967682076054,131.1193536415211,2025-05-27,South
T0521,C0186,P080,2,363.10198242522034,726.2039648504407,2025-09-22,East
T0522,C0099,P076,4,255.14952661371225,1020.598106454849,2025-06-09,North
T0523,C0082,P069,9,448.108772692018,4032.9789542281624,2025-10-09,West
T0524,C0075,P098,8,460.736757723966,3685.894061791728,2025-10-02,North
T0525,C0118,P001,2,37.02672939487488,74.05345878974975,2025-10-24,West
T0526,C0084,P039,8,412.1143645736946,3296.914916589557,2025-10-14,South
T0527,C0192,P096,4,28.471721307108602,113.88688522843441,2025-09-08,South
T0528,C0069,P090,2,189.9131165905611,379.8262331811222,2025-08-22,East
T0529,C0059,P017,10,275.7269880543288,2757.269880543288,2025-09-12,East
T0530,C0188,P091,7,82.56939132729245,577.9857392910471,2025-06-16,West
T0531,C0126,P088,6,375.69376815884766,2254.162608953086,2025-06-20,East
T0532,C0111,P035,10,14.0938050443479,140.938050443479,2025-10-14,East
T0533,C0062,P046,5,92.61353373267805,463.06766866339024,2025-08-15,East
T0534,C0144,P042,1,294.5904466282031,294.5904466282031,2025-09-24,East
T0535,C0128,P039,2,360.04990539827327,720.0998107965465,2025-10-03,South
T0536,C0105,P090,8,459.1551203200189,3673.2409625601513,2025-10-17,East
T0537,C0068,P049,1,355.6933594479657,355.6933594479657,2025-07-12,South
T0538,C0015,P062,3,339.1718424248843,1017.5155272746529,2025-07-14,South
T0539,C0183,P038,2,203.22716171182552,406.45432342365103,2025-05-18,North
T0540,C0035,P023,5,10.629368508132693,53.146842540663464,2025-10-05,South
T0541,C0183,P022,4,68.87803678045475,275.512147121819,2025-07-10,South
T0542,C0014,P004,7,271.9317269304592,1903.5220885132144,2025-09-28,East
T0543,C0177,P049,5,340.81364406376565,1704.0682203188283,2025-05-07,South
T0544,C0102,P059,8,214.54965910926663,1716.397272874133,2025-05-27,West
T0545,C0100,P073,4,368.0327156489112,1472.1308625956449,2025-10-15,East
T0546,C0007,P068,6,265.7125247127676,1594.2751482766057,2025-09-18,East
T0547,C0030,P071,4,46.346335841212984,185.38534336485193,2025-08-08,East
T0548,C0049,P087,2,104.08796297429492,208.17592594858985,2025-09-20,North
T0549,C0144,P002,1,421.59912938953204,421.59912938953204,2025-05-23,East
T0550,C0111,P049,1,365.20724584597536,365.20724584597536,2025-06-21,South
T0551,C0179,P088,8,448.43337363612255,3587.4669890889804,2025-09-29,West
T0552,C0072,P095,4,67.60305206925892,270.4122082770357,2025-10-24,East
T0553,C0080,P031,5,495.2090419613862,2476.045209806931,2025-08-13,East
T0554,C0083,P040,8,112.60928983546746,900.8743186837397,2025-10-26,West
T0555,C0042,P048,7,15.772139380454584,110.40497566318209,2025-07-29,East
T0556,C0017,P051,8,498.73724013624155,3989.8979210899324,2025-09-19,North
T0557,C0191,P043,8,147.72620386810544,1181.8096309448435,2025-09-16,South
T0558,C0173,P098,6,337.32953173115436,2023.9771903869262,2025-05-10,West
T0559,C0007,P055,10,96.57433394638954,965.7433394638954,2025-07-19,West
T0560,C0155,P088,2,294.31198077757944,588.6239615551589,2025-06-22,North
T0561,C0010,P049,6,452.977143362734,2717.862860176404,2025-09-08,South
T0562,C0034,P090,1,166.8887720399349,166.8887720399349,2025-10-01,North
T0563,C0036,P080,1,338.424448261736,338.424448261736,2025-05-14,South
T0564,C0153,P057,3,102.0727585112241,306.2182755336723,2025-06-21,North
T0565,C0006,P077,3,316.14974537217535,948.449236116526,2025-06-04,East
T0566,C0152,P015,5,174.86067239057996,874.3033619528999,2025-06-05,North
T0567,C0146,P027,1,113.49204670809632,113.49204670809632,2025-09-09,West
T0568,C0134,P068,10,163.45920484478123,1634.5920484478122,2025-08-29,West
T0569,C0029,P080,6,97.63212356882168,585.7927414129301,2025-07-10,West
T0570,C0126,P064,7,451.9388928405626,3163.572249883938,2025-10-24,North
T0571,C0153,P094,10,204.62157429539315,2046.2157429539316,2025-09-25,West
T0572,C0183,P030,3,130.18685943744,390.56057831232,2025-07-07,West
T0573,C0081,P036,4,229.71984209780712,918.8793683912285,2025-08-12,East
T0574,C0174,P067,10,167.0627217351828,1670.627217351828,2025-07-13,East
T0575,C0152,P086,10,374.7654343685297,3747.654343685297,2025-08-25,South
T0576,C0075,P086,10,485.8977568238923,4858.977568238923,2025-09-11,South
T0577,C0026,P049,10,224.63649178184696,2246.3649178184696,2025-07-07,South
T0578,C0127,P076,10,431.90636598639776,4319.063659863978,2025-09-17,North
T0579,C0115,P055,3,287.2729060442136,861.8187181326407,2025-08-30,South
T0580,C0126,P085,1,87.04547589617441,87.04547589617441,2025-08-03,North
T0581,C0028,P056,8,348.40514361985737,2787.241148958859,2025-09-07,North
T0582,C0131,P068,10,261.58290359165187,2615.8290359165185,2025-07-31,South
T0583,C0075,P095,10,328.79719639353067,3287.9719639353066,2025-08-01,South
T0584,C0166,P044,2,445.94683216011583,891.8936643202317,2025-07-03,North
T0585,C0189,P031,1,225.8129396214626,225.8129396214626,2025-05-30,East
T0586,C0078,P058,8,451.5770353765042,3612.616283012034,2025-05-13,West
T0587,C0179,P087,7,377.8278169980109,2644.7947189860765,2025-07-17,West
T0588,C0090,P053,7,249.41641368021254,1745.9148957614877,2025-06-11,West
T0589,C0176,P084,4,305.5788464724022,1222.3153858896087,2025-09-08,East
T0590,C0021,P079,9,169.5347549343156,1525.8127944088403,2025-06-07,North
T0591,C0054,P023,6,491.96267687199935,2951.776061231996,2025-10-21,South
T0592,C0184,P028,2,337.00206989469405,674.0041397893881,2025-10-24,North
T0593,C0103,P016,1,31.48495772334865,31.48495772334865,2025-05-25,North
T0594,C0059,P037,1,170.04473381652429,170.04473381652429,2025-08-08,South
T0595,C0072,P021,9,315.4240725419382,2838.8166528774436,2025-09-28,East
T0596,C0179,P079,4,37.603306121627504,150.41322448651002,2025-08-09,West
T0597,C0020,P017,5,21.703253746379957,108.51626873189979,2025-09-17,West
T0598,C0112,P037,3,230.51187736862326,691.5356321058698,2025-06-28,North
T0599,C0059,P077,4,173.0181880494083,692.0727521976332,2025-10-22,East
T0600,C0071,P019,8,224.76631793625128,1798.1305434900103,2025-05-30,West
T0601,C0137,P030,4,138.71972184120253,554.8788873648101,2025-10-11,East
T0602,C0109,P045,9,90.71169600206065,816.4052640185458,2025-09-21,South
T0603,C0129,P018,9,347.68024492036545,3129.122204283289,2025-06-30,North
T0604,C0157,P078,6,262.13984697122225,1572.8390818273335,2025-08-04,North
T0605,C0191,P062,2,108.07556351218975,216.1511270243795,2025-06-12,East
T0606,C0200,P036,10,166.59881886739916,1665.9881886739915,2025-06-13,West
T0607,C0056,P100,7,299.9858747550297,2099.901123285208,2025-07-14,East
T0608,C0196,P084,9,45.392380653514145,408.5314258816273,2025-10-25,South
T0609,C0035,P052,6,82.25197454042798,493.5118472425679,2025-10-08,West
T0610,C0123,P019,3,45.89034601262116,137.67103803786347,2025-07-04,West
T0611,C0131,P044,7,408.03549302991826,2856.248451209428,2025-05-03,East
T0612,C0104,P007,5,378.68052427388454,1893.4026213694228,2025-09-30,South
T0613,C0007,P044,1,379.12333662083597,379.12333662083597,2025-07-06,West
T0614,C0027,P068,3,360.9994183032537,1082.9982549097613,2025-10-14,North
T0615,C0001,P034,5,337.99885759823593,1689.9942879911796,2025-06-01,South
T0616,C0199,P066,7,243.72603853530575,1706.0822697471403,2025-08-24,West
T0617,C0172,P069,3,324.71630011848634,974.1489003554591,2025-05-27,East
T0618,C0087,P055,6,28.797161846107578,172.78297107664548,2025-05-30,West
T0619,C0041,P010,5,314.51756710182445,1572.5878355091222,2025-07-18,North
T0620,C0123,P096,1,391.16007571306983,391.16007571306983,2025-05-26,South
T0621,C0075,P042,10,255.1755965883512,2551.755965883512,2025-06-18,West
T0622,C0042,P041,6,185.1815309293461,1111.0891855760767,2025-07-05,North
T0623,C0117,P077,8,145.93910005247977,1167.5128004198382,2025-07-07,West
T0624,C0161,P069,1,324.97300457942043,324.97300457942043,2025-07-30,West
T0625,C0178,P010,2,349.47258732865527,698.9451746573105,2025-09-24,South
T0626,C0063,P010,4,436.77412393264586,1747.0964957305835,2025-09-15,East
T0627,C0165,P091,2,177.74370040588545,355.4874008117709,2025-06-08,East
T0628,C0187,P060,9,387.18843061893693,3484.6958755704322,2025-07-27,North
T0629,C0127,P051,10,285.0643538527756,2850.643538527756,2025-09-27,North
T0630,C0176,P021,8,442.5898804322588,3540.7190434580702,2025-07-05,North
T0631,C0133,P008,8,268.6279330648542,2149.0234645188334,2025-09-27,South
T0632,C0048,P065,4,263.6386159150039,1054.5544636600157,2025-05-28,East
T0633,C0003,P092,5,293.1597699060455,1465.7988495302275,2025-08-15,North
T0634,C0116,P078,4,377.16452401979285,1508.6580960791714,2025-09-01,North
T0635,C0175,P085,9,482.69833462594585,4344.285011633513,2025-06-14,West
T0636,C0190,P030,2,46.04604356572517,92.09208713145034,2025-08-09,West
T0637,C0099,P085,8,36.18295517159841,289.46364137278727,2025-05-29,North
T0638,C0116,P049,2,469.39966532959585,938.7993306591917,2025-10-21,West
T0639,C0014,P009,1,269.639056503921,269.639056503921,2025-05-18,West
T0640,C0191,P017,10,311.3024771377987,3113.024771377987,2025-09-05,West
T0641,C0112,P069,3,246.38756478141713,739.1626943442513,2025-09-01,South
T0642,C0061,P058,9,55.8921517776625,503.0293659989625,2025-10-16,North
T0643,C0159,P057,3,386.3637954251466,1159.0913862754396,2025-09-09,North
T0644,C0095,P062,9,376.1400760934076,3385.260684840668,2025-07-16,West
T0645,C0017,P095,7,162.73462753147788,1139.1423927203452,2025-06-16,South
T0646,C0124,P052,10,160.0572301619162,1600.572301619162,2025-10-06,West
T0647,C0024,P061,1,420.5422766437041,420.5422766437041,2025-07-09,South
T0648,C0116,P040,10,45.455056293250045,454.55056293250044,2025-09-15,North
T0649,C0151,P038,5,441.7415226947173,2208.707613473586,2025-07-25,West
T0650,C0082,P043,9,135.76422804899806,1221.8780524409826,2025-05-12,North
T0651,C0050,P063,3,300.56252640019204,901.6875792005761,2025-07-09,South
T0652,C0079,P019,9,468.6371477108711,4217.73432939784,2025-08-08,East
T0653,C0079,P100,5,342.28002575295676,1711.4001287647839,2025-07-31,South
T0654,C0070,P050,9,213.07060810884792,1917.6354729796312,2025-10-07,East
T0655,C0027,P033,10,347.87176236365343,3478.7176236365344,2025-10-09,North
T0656,C0015,P013,6,178.5500217950214,1071.3001307701284,2025-10-15,North
T0657,C0050,P078,9,145.85662401110122,1312.709616099911,2025-08-03,West
T0658,C0036,P097,7,498.37480618799304,3488.623643315951,2025-10-22,East
T0659,C0008,P062,7,377.887213278096,2645.210492946672,2025-10-13,South
T0660,C0079,P093,8,325.91278891709067,2607.3023113367253,2025-08-24,North
T0661,C0131,P043,7,184.0919251774662,1288.6434762422634,2025-06-01,East
T0662,C0190,P049,9,34.0888062859736,306.79925657376236,2025-05-12,South
T0663,C0047,P036,9,25.21786925722625,226.96082331503627,2025-07-27,East
T0664,C0105,P010,6,281.5488151699114,1689.2928910194682,2025-08-30,South
T0665,C0098,P095,7,383.396033309135,2683.772233163945,2025-09-08,South
T0666,C0096,P006,2,273.315803317489,546.631606634978,2025-08-14,South
T0667,C0189,P057,9,421.98468525016614,3797.862167251495,2025-05-28,South
T0668,C0160,P001,1,26.3790012156786,26.3790012156786,2025-05-03,East
T0669,C0116,P071,1,189.70851744871064,189.70851744871064,2025-08-12,East
T0670,C0013,P058,3,126.16449167534725,378.4934750260418,2025-08-10,West
T0671,C0001,P091,6,229.1637543969898,1374.9825263819387,2025-05-22,East
T0672,C0034,P021,5,45.464432665120015,227.32216332560006,2025-06-28,East
T0673,C0190,P092,2,477.52450436982554,955.0490087396511,2025-09-11,West
T0674,C0079,P080,9,119.39514652398685,1074.5563187158816,2025-10-28,East
T0675,C0078,P056,10,461.93080998695655,4619.308099869566,2025-10-21,South
T0676,C0121,P087,4,218.68764596797408,874.7505838718963,2025-07-25,North
T0677,C0093,P020,4,492.9068252950568,1971.6273011802273,2025-08-02,North
T0678,C0098,P054,5,281.48860789550326,1407.4430394775163,2025-05-21,West
T0679,C0082,P025,8,466.10810344614566,3728.8648275691653,2025-07-01,East
T0680,C0199,P028,10,12.621004460169194,126.21004460169195,2025-06-08,East
T0681,C0159,P005,4,376.63701502864103,1506.5480601145641,2025-09-26,West
T0682,C0192,P021,5,452.49482002023257,2262.474100101163,2025-05-26,North
T0683,C0153,P018,4,78.4630778196875,313.85231127875,2025-09-08,South
T0684,C0038,P047,6,57.10166734875423,342.6100040925254,2025-08-30,East
T0685,C0014,P070,3,218.04057752111822,654.1217325633547,2025-10-08,West
T0686,C0136,P057,8,467.50266400513823,3740.021312041106,2025-05-27,South
T0687,C0091,P093,6,275.76941449331497,1654.6164869598897,2025-10-17,West
T0688,C0054,P019,10,268.4536672236488,2684.536672236488,2025-07-07,West
T0689,C0130,P097,5,79.15179796666771,395.75898983333855,2025-05-02,West
T0690,C0101,P065,2,10.386860435677205,20.77372087135441,2025-06-21,North
T0691,C0089,P003,10,406.968644465276,4069.6864446527597,2025-05-06,North
T0692,C0056,P042,10,52.91153586325673,529.1153586325673,2025-05-14,West
T0693,C0094,P021,7,320.58641118030874,2244.104878262161,2025-09-25,East
T0694,C0093,P099,2,458.1620627124438,916.3241254248876,2025-09-18,South
T0695,C0084,P040,1,112.23943744763119,112.23943744763119,2025-06-18,East
T0696,C0085,P067,7,335.9836897560863,2351.885828292604,2025-10-01,North
T0697,C0189,P025,5,48.562302586679635,242.81151293339818,2025-06-27,South
T0698,C0022,P055,1,305.8400204804304,305.8400204804304,2025-08-24,West
T0699,C0035,P084,4,90.32654326706934,361.30617306827736,2025-06-05,East
T0700,C0016,P052,4,370.61724465243725,1482.468978609749,2025-07-16,East
T0701,C0050,P044,10,157.60333444901502,1576.0333444901503,2025-08-03,West
T0702,C0122,P098,7,237.06159431427665,1659.4311601999366,2025-05-06,East
T0703,C0128,P085,9,303.72096559353463,2733.488690341812,2025-05-23,North
T0704,C0113,P056,2,93.9239712264574,187.8479424529148,2025-08-12,West
T0705,C0171,P055,1,373.40253112263423,373.40253112263423,2025-10-23,East
T0706,C0017,P087,2,158.29376691203913,316.58753382407826,2025-09-09,West
T0707,C0080,P070,7,334.5622113572492,2341.935479500745,2025-09-02,South
T0708,C0186,P077,10,87.55869484269309,875.5869484269308,2025-06-23,West
T0709,C0130,P087,6,347.1776530111116,2083.06591806667,2025-10-07,East
T0710,C0132,P073,4,72.81215567712626,291.248622708505,2025-07-09,North
T0711,C0085,P081,1,218.42468317229196,218.42468317229196,2025-08-13,West
T0712,C0167,P066,1,131.13097613204965,131.13097613204965,2025-10-09,West
T0713,C0094,P019,5,376.70387221980945,1883.5193610990473,2025-10-26,East
T0714,C0134,P083,1,138.39715220836854,138.39715220836854,2025-05-17,North
T0715,C0081,P007,7,442.0414801337442,3094.2903609362093,2025-08-25,North
T0716,C0069,P063,1,446.9919035892403,446.9919035892403,2025-07-16,South
T0717,C0069,P042,1,106.25624445916506,106.25624445916506,2025-08-18,South
T0718,C0148,P042,2,310.7845130537849,621.5690261075698,2025-06-09,East
T0719,C0192,P059,10,52.98164444278252,529.8164444278252,2025-07-29,North
T0720,C0016,P020,3,201.8531788047983,605.5595364143949,2025-10-22,North
T0721,C0051,P073,1,359.5276474556234,359.5276474556234,2025-08-21,South
T0722,C0105,P017,9,333.11739095645896,2998.056518608131,2025-06-17,South
T0723,C0165,P027,10,316.1033280092379,3161.033280092379,2025-10-20,East
T0724,C0197,P047,8,148.44502319459735,1187.5601855567788,2025-09-15,North
T0725,C0170,P002,5,195.23222522285698,976.1611261142849,2025-09-06,West
T0726,C0185,P063,2,60.443610903140225,120.88722180628045,2025-10-26,South
T0727,C0066,P062,5,362.3211820124645,1811.6059100623224,2025-07-17,East
T0728,C0009,P100,6,256.90551042772404,1541.4330625663442,2025-05-16,North
T0729,C0107,P019,1,357.29515984937075,357.29515984937075,2025-06-06,North
T0730,C0100,P017,4,131.98232715046765,527.9293086018706,2025-07-03,South
T0731,C0086,P069,9,168.97473203118244,1520.772588280642,2025-07-09,East
T0732,C0064,P039,2,173.76551525745617,347.53103051491235,2025-10-17,West
T0733,C0022,P082,5,22.613780776135936,113.06890388067968,2025-07-14,South
T0734,C0162,P071,1,177.11345768700554,177.11345768700554,2025-05-25,East
T0735,C0183,P081,4,403.6192410238364,1614.4769640953457,2025-06-19,North
T0736,C0157,P039,4,449.6762629173719,1798.7050516694876,2025-09-24,West
T0737,C0166,P036,6,263.92697466160445,1583.5618479696268,2025-05-08,East
T0738,C0110,P040,10,233.19583065741793,2331.9583065741795,2025-05-05,West
T0739,C0097,P045,9,25.104063162691425,225.93656846422283,2025-07-30,East
T0740,C0018,P004,3,440.8101254168375,1322.4303762505124,2025-06-30,East
T0741,C0071,P025,9,16.375004578677633,147.3750412080987,2025-06-25,East
T0742,C0193,P069,6,472.92753930300375,2837.5652358180223,2025-05-17,East
T0743,C0127,P030,7,249.71596185716442,1748.0117330001508,2025-05-30,West
T0744,C0097,P076,10,177.54790185161605,1775.4790185161605,2025-09-29,South
T0745,C0001,P068,2,462.86703307290344,925.7340661458069,2025-05-15,West
T0746,C0132,P088,10,21.9515866239474,219.515866239474,2025-07-19,East
T0747,C0004,P029,6,294.8981984858527,1769.3891909151162,2025-10-25,West
T0748,C0125,P073,6,278.97693700467545,1673.8616220280528,2025-06-03,West
T0749,C0082,P068,2,117.46699659357722,234.93399318715444,2025-10-01,West
T0750,C0027,P051,2,220.1548413616032,440.3096827232064,2025-05-22,East
T0751,C0171,P024,2,329.6093629124474,659.2187258248948,2025-09-23,West
T0752,C0059,P014,10,366.2942864721445,3662.942864721445,2025-05-24,North
T0753,C0032,P069,1,10.351260766224094,10.351260766224094,2025-06-27,East
T0754,C0161,P018,5,469.0581807445975,2345.2909037229874,2025-09-20,West
T0755,C0028,P042,8,90.61743247247807,724.9394597798246,2025-08-02,North
T0756,C0106,P057,2,124.454412768956,248.908825537912,2025-05-21,West
T0757,C0105,P083,5,139.10198838998562,695.5099419499281,2025-10-06,South
T0758,C0183,P012,8,28.531866910497303,228.25493528397843,2025-05-20,West
T0759,C0188,P082,10,70.29554055925921,702.9554055925921,2025-08-12,West
T0760,C0070,P017,5,493.3114622426394,2466.557311213197,2025-07-17,South
T0761,C0062,P030,2,164.45620131487016,328.9124026297403,2025-09-29,East
T0762,C0034,P088,3,66.49753426613418,199.49260279840254,2025-06-03,South
T0763,C0087,P075,6,62.425717975565426,374.5543078533926,2025-05-19,East
T0764,C0114,P099,5,362.5353841582862,1812.676920791431,2025-07-13,South
T0765,C0106,P023,4,428.738645375994,1714.954581503976,2025-10-09,West
T0766,C0056,P081,4,135.90662675915024,543.626507036601,2025-10-08,West
T0767,C0113,P001,5,20.245661044265134,101.22830522132567,2025-05-18,East
T0768,C0013,P079,2,119.31410903822434,238.6282180764487,2025-05-20,East
T0769,C0184,P032,9,37.69268849041109,339.23419641369986,2025-07-10,North
T0770,C0018,P009,2,60.66351894872034,121.32703789744068,2025-08-29,North
T0771,C0182,P015,10,221.43897872534475,2214.3897872534476,2025-08-10,West
T0772,C0113,P028,2,122.66000172219997,245.32000344439993,2025-06-04,West
T0773,C0171,P024,10,262.81348047745746,2628.1348047745746,2025-07-24,North
T0774,C0039,P060,9,134.2119390960233,1207.9074518642096,2025-10-01,North
T0775,C0189,P035,3,470.86327754044436,1412.589832621333,2025-07-14,East
T0776,C0170,P086,10,453.91254428386964,4539.1254428386965,2025-07-28,South
T0777,C0079,P027,7,287.73499145512835,2014.1449401858986,2025-07-25,East
T0778,C0146,P083,4,183.66775607381922,734.6710242952769,2025-05-12,North
T0779,C0151,P076,6,196.76197219702044,1180.5718331821226,2025-07-31,West
T0780,C0182,P020,4,211.80761874080352,847.2304749632141,2025-09-22,North
T0781,C0030,P065,10,366.5138678461226,3665.138678461226,2025-09-05,West
T0782,C0098,P085,7,231.30310780423056,1619.1217546296139,2025-08-22,West
T0783,C0058,P049,1,429.7976737878897,429.7976737878897,2025-07-20,West
T0784,C0196,P001,3,472.6064451058786,1417.8193353176357,2025-05-08,West
T0785,C0067,P010,3,174.6136151556776,523.8408454670328,2025-05-17,South
T0786,C0071,P047,1,284.74029587408324,284.74029587408324,2025-05-17,North
T0787,C0146,P059,6,56.57770304795657,339.4662182877394,2025-10-16,East
T0788,C0106,P096,9,108.2298334055159,974.0685006496432,2025-05-13,West
T0789,C0007,P062,8,212.59822568797844,1700.7858055038275,2025-06-05,West
T0790,C0040,P086,7,111.03933079187163,777.2753155431014,2025-05-22,East
T0791,C0070,P018,10,439.5146404864716,4395.146404864716,2025-10-26,East
T0792,C0193,P046,8,87.56026546895805,700.4821237516644,2025-10-19,West
T0793,C0068,P032,6,233.27380256101506,1399.6428153660904,2025-05-18,East
T0794,C0049,P027,9,306.7926278253391,2761.1336504280516,2025-06-02,East
T0795,C0052,P092,3,349.01331499881377,1047.0399449964414,2025-06-11,South
T0796,C0114,P018,10,197.7039911659883,1977.039911659883,2025-09-12,East
T0797,C0107,P039,10,435.858543675117,4358.58543675117,2025-05-28,North
T0798,C0029,P049,9,288.47638402818353,2596.2874562536517,2025-09-26,North
T0799,C0149,P093,4,225.35881241930036,901.4352496772015,2025-10-01,North
T0800,C0078,P082,7,42.947910685497945,300.6353747984856,2025-07-06,West
T0801,C0009,P044,9,237.69783953813086,2139.280555843178,2025-09-15,North
T0802,C0175,P072,2,412.16056199970785,824.3211239994157,2025-08-01,South
T0803,C0076,P054,2,311.1250989284446,622.2501978568891,2025-07-01,North
T0804,C0042,P095,9,417.759602327268,3759.836420945412,2025-10-14,West
T0805,C0179,P034,3,252.06571859365977,756.1971557809793,2025-05-04,South
T0806,C0184,P071,9,68.0462354962961,612.4161194666649,2025-08-12,North
T0807,C0179,P036,5,16.683524459581726,83.41762229790862,2025-06-25,South
T0808,C0198,P018,6,158.57757789210967,951.465467352658,2025-05-02,South
T0809,C0128,P038,2,352.0153310339183,704.0306620678366,2025-08-10,West
T0810,C0020,P059,8,397.22735293142995,3177.8188234514396,2025-06-15,West
T0811,C0155,P009,9,154.91888896396142,1394.2700006756527,2025-10-23,South
T0812,C0166,P073,2,252.87042123279107,505.74084246558215,2025-05-27,North
T0813,C0072,P072,6,216.3482631727,1298.0895790362001,2025-08-30,West
T0814,C0065,P051,6,211.15616433219967,1266.936985993198,2025-09-20,South
T0815,C0182,P035,8,123.36086946807374,986.88695574459,2025-06-16,East
T0816,C0113,P082,10,76.8218414644346,768.218414644346,2025-08-31,East
T0817,C0024,P005,5,106.37739353329442,531.8869676664722,2025-06-01,West
T0818,C0128,P014,9,37.11286971003959,334.0158273903563,2025-06-29,North
T0819,C0175,P092,1,107.08406349355275,107.08406349355275,2025-05-30,East
T0820,C0199,P030,9,14.508439836435933,130.5759585279234,2025-08-15,East
T0821,C0083,P004,10,317.35661631162935,3173.5661631162934,2025-05-18,East
T0822,C0063,P039,7,165.0239496199646,1155.1676473397522,2025-09-20,North
T0823,C0185,P084,4,486.84090859918524,1947.363634396741,2025-10-12,North
T0824,C0183,P064,3,104.92135488038595,314.76406464115786,2025-05-25,West
T0825,C0060,P025,10,179.45599945170102,1794.5599945170102,2025-08-18,West
T0826,C0099,P028,6,185.34216773435128,1112.0530064061077,2025-07-31,East
T0827,C0062,P076,1,14.141233070605665,14.141233070605665,2025-05-26,North
T0828,C0030,P066,3,421.2118969893349,1263.6356909680046,2025-06-02,South
T0829,C0022,P078,2,25.677285470719113,51.354570941438226,2025-08-25,East
T0830,C0126,P022,9,470.6881190173283,4236.193071155954,2025-07-22,West
T0831,C0157,P031,3,447.11643203587414,1341.3492961076224,2025-08-19,North
T0832,C0169,P023,2,272.40573888212214,544.8114777642443,2025-09-24,West
T0833,C0042,P048,4,276.3618317065331,1105.4473268261324,2025-06-07,West
T0834,C0098,P020,2,330.3511822485166,660.7023644970332,2025-05-27,North
T0835,C0193,P038,1,199.65450584809463,199.65450584809463,2025-09-15,East
T0836,C0031,P055,6,327.1389188649492,1962.8335131896952,2025-07-04,North
T0837,C0158,P068,10,31.936510457358565,319.36510457358565,2025-07-12,East
T0838,C0112,P079,8,36.483337401366015,291.8666992109281,2025-09-26,West
T0839,C0146,P088,10,234.04290561357675,2340.4290561357675,2025-08-15,North
T0840,C0122,P089,10,279.3149275419571,2793.149275419571,2025-07-26,South
T0841,C0017,P001,2,445.0306437645513,890.0612875291026,2025-10-06,East
T0842,C0038,P007,9,61.283710614869165,551.5533955338225,2025-06-23,South
T0843,C0142,P057,3,413.0974843250058,1239.2924529750173,2025-08-01,East
T0844,C0110,P095,8,112.9231952731141,903.3855621849128,2025-08-08,North
T0845,C0184,P012,8,203.1009877699156,1624.8079021593248,2025-05-12,South
T0846,C0022,P005,3,165.13519306543233,495.405579196297,2025-06-01,North
T0847,C0195,P050,3,206.0760837040455,618.2282511121365,2025-10-25,East
T0848,C0056,P042,6,83.74279405556692,502.4567643334015,2025-08-09,East
T0849,C0119,P012,1,256.74933645774195,256.74933645774195,2025-07-27,East
T0850,C0147,P018,4,402.80486901737,1611.21947606948,2025-09-25,East
T0851,C0057,P066,1,226.3516650856595,226.3516650856595,2025-09-18,West
T0852,C0172,P074,3,250.40065219011757,751.2019565703526,2025-05-16,East
T0853,C0035,P079,9,425.896116787844,3833.065051090596,2025-10-07,South
T0854,C0114,P094,5,355.9684761726351,1779.8423808631755,2025-10-19,East
T0855,C0125,P017,5,250.3226601746945,1251.6133008734726,2025-08-10,North
T0856,C0129,P068,4,136.27086761269803,545.0834704507921,2025-10-13,West
T0857,C0052,P071,3,443.6141059540337,1330.842317862101,2025-05-30,South
T0858,C0085,P062,5,292.7399968283736,1463.6999841418678,2025-08-23,West
T0859,C0198,P041,4,118.36232895423976,473.44931581695903,2025-08-16,West
T0860,C0165,P095,8,141.86867879262508,1134.9494303410006,2025-10-02,West
T0861,C0065,P034,4,403.5352135787605,1614.140854315042,2025-08-17,North
T0862,C0179,P070,8,31.631325422853173,253.0506033828254,2025-09-08,West
T0863,C0129,P045,6,496.12517164412185,2976.751029864731,2025-07-24,West
T0864,C0021,P058,5,73.87232306024798,369.3616153012399,2025-05-16,East
T0865,C0181,P051,4,400.07357744449934,1600.2943097779973,2025-09-10,North
T0866,C0016,P034,4,203.4399052181246,813.7596208724984,2025-06-20,South
T0867,C0123,P044,4,251.18592981085877,1004.7437192434351,2025-10-14,South
T0868,C0061,P015,9,441.51878295764317,3973.6690466187883,2025-05-24,South
T0869,C0054,P078,4,212.3264828987145,849.305931594858,2025-06-29,North
T0870,C0168,P070,9,273.3719392998849,2460.3474536989643,2025-07-30,South
T0871,C0026,P050,10,34.156834580493275,341.56834580493273,2025-08-24,North
T0872,C0080,P032,6,11.150262195052045,66.90157317031228,2025-07-15,East
T0873,C0065,P067,10,129.9519377708457,1299.519377708457,2025-10-04,East
T0874,C0100,P003,7,343.485715530196,2404.400008711372,2025-09-01,North
T0875,C0074,P086,10,69.41979774597698,694.1979774597698,2025-09-14,South
T0876,C0192,P086,3,65.74335981422922,197.23007944268767,2025-10-05,North
T0877,C0171,P074,8,211.3706979375926,1690.9655835007409,2025-09-17,North
T0878,C0017,P051,3,327.440148918031,982.320446754093,2025-05-19,West
T0879,C0121,P067,1,358.91527620148594,358.91527620148594,2025-06-20,North
T0880,C0187,P076,10,97.44083030820364,974.4083030820365,2025-09-20,West
T0881,C0023,P093,5,48.9981922123008,244.990961061504,2025-08-27,East
T0882,C0135,P048,2,470.79454663331666,941.5890932666333,2025-09-15,West
T0883,C0172,P017,10,137.72652745542985,1377.2652745542985,2025-09-17,North
T0884,C0181,P007,6,428.1397838282747,2568.8387029696482,2025-08-17,East
T0885,C0071,P013,10,433.110810726781,4331.10810726781,2025-07-07,West
T0886,C0108,P066,9,388.5360699636468,3496.824629672821,2025-10-15,North
T0887,C0079,P004,1,92.72846725975934,92.72846725975934,2025-07-18,East
T0888,C0162,P010,4,412.68271503455816,1650.7308601382326,2025-10-04,West
T0889,C0046,P088,1,386.9327740283775,386.9327740283775,2025-07-15,North
T0890,C0196,P017,1,302.3942651520464,302.3942651520464,2025-06-09,North
T0891,C0078,P052,8,175.22899723278684,1401.8319778622947,2025-05-26,South
T0892,C0016,P006,2,138.6292160906066,277.2584321812132,2025-05-22,South
T0893,C0071,P083,1,69.72571391937589,69.72571391937589,2025-09-16,West
T0894,C0096,P069,8,259.780962781427,2078.247702251416,2025-10-19,West
T0895,C0147,P096,4,296.7778289998248,1187.1113159992992,2025-05-16,West
T0896,C0002,P074,3,186.07610535273574,558.2283160582072,2025-06-18,North
T0897,C0010,P009,4,242.9259431636256,971.7037726545024,2025-07-26,West
T0898,C0178,P091,5,188.12208411094068,940.6104205547034,2025-09-27,North
T0899,C0125,P077,1,324.0929680871436,324.0929680871436,2025-08-25,West
T0900,C0081,P083,1,451.617011820316,451.617011820316,2025-06-20,North
T0901,C0140,P021,3,90.320928403003,270.962785209009,2025-09-29,North
T0902,C0070,P024,6,196.89031685253047,1181.3419011151827,2025-09-19,South
T0903,C0150,P004,1,79.02561593592205,79.02561593592205,2025-07-09,East
T0904,C0032,P024,2,316.2224474998377,632.4448949996754,2025-05-05,North
T0905,C0105,P059,7,367.14654964941195,2570.0258475458836,2025-07-18,West
T0906,C0084,P099,1,466.6372389727534,466.6372389727534,2025-05-10,South
T0907,C0129,P003,7,146.64724386787282,1026.5307070751096,2025-08-30,West
T0908,C0182,P068,4,475.6034908740608,1902.4139634962432,2025-08-24,West
T0909,C0058,P040,10,40.998709192130654,409.98709192130656,2025-10-11,North
T0910,C0198,P048,6,305.47679304864823,1832.8607582918894,2025-08-10,North
T0911,C0146,P054,8,37.995032478231686,303.9602598258535,2025-09-27,East
T0912,C0134,P035,9,447.949352003353,4031.544168030177,2025-09-24,North
T0913,C0045,P095,6,269.6064379643265,1617.6386277859592,2025-08-06,North
T0914,C0097,P056,9,337.98069187377007,3041.8262268639305,2025-07-21,East
T0915,C0023,P089,4,417.47122369612174,1669.884894784487,2025-06-13,West
T0916,C0023,P040,6,83.6522050171447,501.91323010286817,2025-08-04,East
T0917,C0154,P077,8,28.909865349685585,231.27892279748468,2025-05-07,East
T0918,C0135,P068,9,440.65176149729757,3965.8658534756783,2025-07-07,East
T0919,C0079,P046,3,164.3172814548769,492.9518443646307,2025-09-18,South
T0920,C0044,P078,2,73.19966488431098,146.39932976862195,2025-08-09,West
T0921,C0027,P013,6,239.5460061726724,1437.2760370360345,2025-05-13,South
T0922,C0026,P027,4,303.1699770910492,1212.6799083641968,2025-07-06,South
T0923,C0097,P006,1,25.17559567702996,25.17559567702996,2025-05-03,North
T0924,C0036,P017,8,144.698872545973,1157.590980367784,2025-09-21,East
T0925,C0109,P036,9,26.071938395679048,234.64744556111143,2025-09-29,East
T0926,C0055,P099,9,215.96434070579448,1943.6790663521504,2025-10-05,South
T0927,C0192,P081,2,448.5990142424597,897.1980284849194,2025-07-21,North
T0928,C0185,P002,9,491.4996816318489,4423.49713468664,2025-09-13,North
T0929,C0069,P077,7,322.1533012167775,2255.0731085174425,2025-10-04,North
T0930,C0061,P052,5,89.20246995444998,446.0123497722499,2025-09-20,West
T0931,C0130,P066,7,453.8662010996598,3177.0634076976185,2025-10-20,South
T0932,C0055,P052,9,262.96143336802965,2366.652900312267,2025-10-06,West
T0933,C0122,P092,8,85.33716293042987,682.697303443439,2025-10-08,North
T0934,C0097,P043,6,461.6460680313141,2769.8764081878844,2025-07-10,North
T0935,C0080,P090,4,381.1598348543205,1524.639339417282,2025-08-24,North
T0936,C0087,P022,1,368.5355836343443,368.5355836343443,2025-07-28,East
T0937,C0038,P055,6,357.4985448592583,2144.9912691555496,2025-05-07,South
T0938,C0119,P067,3,108.16651233725673,324.4995370117702,2025-05-28,East
T0939,C0078,P099,6,113.39327893668776,680.3596736201266,2025-07-22,West
T0940,C0157,P060,6,347.26356922935497,2083.58141537613,2025-07-28,East
T0941,C0154,P058,4,117.66414755409447,470.6565902163779,2025-08-29,South
T0942,C0035,P012,2,224.94913143349393,449.89826286698786,2025-05-25,East
T0943,C0079,P088,9,393.18089454103125,3538.628050869281,2025-08-11,North
T0944,C0067,P069,2,394.13673386794204,788.2734677358841,2025-06-04,West
T0945,C0087,P084,3,232.09826853767123,696.2948056130138,2025-10-16,West
T0946,C0157,P039,10,398.1730697548701,3981.730697548701,2025-06-17,North
T0947,C0034,P013,1,420.9246801370478,420.9246801370478,2025-05-25,North
T0948,C0097,P041,7,330.84011812928753,2315.880826905013,2025-07-05,North
T0949,C0169,P057,1,121.92866763112588,121.92866763112588,2025-05-19,South
T0950,C0169,P053,9,144.2657723889183,1298.3919515002647,2025-06-14,East
T0951,C0151,P012,1,164.27216615028033,164.27216615028033,2025-07-16,West
T0952,C0071,P013,5,67.23401278963648,336.1700639481824,2025-06-27,East
T0953,C0003,P074,7,143.84821398127312,1006.9374978689118,2025-08-16,North
T0954,C0058,P097,3,112.66441991314073,337.99325973942223,2025-10-04,North
T0955,C0032,P057,9,233.11108740621506,2097.9997866559356,2025-09-02,East
T0956,C0031,P040,8,455.1343984574098,3641.0751876592785,2025-09-29,West
T0957,C0082,P080,3,61.19535520943946,183.58606562831838,2025-10-10,South
T0958,C0043,P045,5,362.9312827342238,1814.656413671119,2025-09-17,East
T0959,C0135,P035,7,346.7686721624326,2427.380705137028,2025-10-11,North
T0960,C0105,P003,4,56.919557345045256,227.67822938018102,2025-08-25,North
T0961,C0001,P005,5,462.060478403842,2310.30239201921,2025-08-02,South
T0962,C0061,P090,3,288.5513790568416,865.6541371705248,2025-06-12,East
T0963,C0014,P011,9,188.2255053564853,1694.0295482083675,2025-05-29,South
T0964,C0180,P071,10,380.7039059127003,3807.039059127003,2025-09-01,South
T0965,C0006,P056,9,136.10907461680068,1224.981671551206,2025-05-25,West
T0966,C0103,P010,7,349.819820152697,2448.738741068879,2025-09-14,West
T0967,C0010,P034,10,29.458491710401137,294.58491710401137,2025-08-15,North
T0968,C0071,P067,2,421.30993842854326,842.6198768570865,2025-08-27,East
T0969,C0090,P072,7,229.60371504044605,1607.2260052831223,2025-06-23,West
T0970,C0158,P031,7,321.97952803539147,2253.8566962477403,2025-09-10,North
T0971,C0149,P075,5,118.406531705275,592.032658526375,2025-08-09,East
T0972,C0126,P071,9,341.7661192026395,3075.8950728237555,2025-05-06,North
T0973,C0188,P066,3,388.3977351877055,1165.1932055631164,2025-06-19,West
T0974,C0097,P070,4,241.87446157335538,967.4978462934215,2025-08-07,North
T0975,C0074,P041,1,312.6861927902792,312.6861927902792,2025-05-31,East
T0976,C0115,P063,6,233.5997026729753,1401.5982160378517,2025-07-12,East
T0977,C0191,P032,4,448.10477093634427,1792.419083745377,2025-08-12,North
T0978,C0170,P020,1,253.95589845201638,253.95589845201638,2025-07-03,East
T0979,C0051,P057,2,422.48626742412125,844.9725348482425,2025-10-23,North
T0980,C0192,P098,3,402.6625085524218,1207.9875256572655,2025-05-27,East
T0981,C0056,P050,9,211.1473624606947,1900.3262621462522,2025-06-07,North
T0982,C0041,P080,8,122.74140101016278,981.9312080813022,2025-05-08,North
T0983,C0032,P025,7,208.9802449542878,1462.8617146800145,2025-09-05,North
T0984,C0015,P012,4,414.8465141298579,1659.3860565194316,2025-10-16,South
T0985,C0062,P071,1,121.53994255150225,121.53994255150225,2025-08-01,East
T0986,C0155,P039,8,266.97380947029717,2135.7904757623774,2025-10-15,West
T0987,C0028,P017,4,404.98740650076627,1619.949626003065,2025-08-12,North
T0988,C0064,P045,3,183.20396281290562,549.6118884387168,2025-06-23,South
T0989,C0187,P011,9,324.6827221313217,2922.1444991818953,2025-09-10,West
T0990,C0186,P070,10,130.3594712839191,1303.594712839191,2025-08-17,North
T0991,C0130,P023,4,63.546928230398365,254.18771292159346,2025-08-21,West
T0992,C0127,P091,4,399.2482702954996,1596.9930811819984,2025-10-01,South
T0993,C0036,P070,9,58.49462547026634,526.4516292323971,2025-05-08,West
T0994,C0114,P038,2,142.97688358899646,285.9537671779929,2025-10-04,North
T0995,C0199,P002,5,429.00361677874565,2145.018083893728,2025-07-07,West
T0996,C0013,P086,4,179.76995066854693,719.0798026741877,2025-08-17,West
T0997,C0015,P084,9,486.79222126193895,4381.12999135745,2025-08-20,North
T0998,C0089,P089,5,490.06982403919125,2450.3491201959564,2025-09-26,South
T0999,C0188,P079,9,141.45525002224278,1273.097250200185,2025-07-23,South
T1000,C0022,P093,9,30.07932890244632,270.7139601220169,2025-09-02,West
